B0247AFC,/malware/localhost_05-18_18-23-0050_B0247AFC/results/ <all files> ,130,Malicious
A8641BB1,/malware/localhost_05-18_18-23-0051_A8641BB1/results/ <all files> ,90,Malicious
60D77CED,/malware/localhost_05-18_18-23-0052_60D77CED/results/ <all files> ,60,Suspicious
39C73BBD,/malware/localhost_05-18_18-23-0053_39C73BBD/results/ <all files> ,60,Suspicious
F5F2875B,/malware/localhost_05-18_18-23-0054_F5F2875B/results/ <all files> ,60,Suspicious
8E609ECA,/malware/localhost_05-18_18-23-0055_8E609ECA/results/ <all files> ,130,Malicious
BBA0D9F5,/malware/localhost_05-18_18-23-0055_BBA0D9F5/results/ <all files> ,120,Malicious
50CACF0D,/malware/localhost_05-18_18-24-0011_50CACF0D/results/ <all files> ,60,Suspicious
F5BDCFBA,/malware/localhost_05-18_18-24-0012_F5BDCFBA/results/ <all files> ,90,Malicious
F5B93328,/malware/localhost_05-18_18-24-0012_F5B93328/results/ <all files> ,60,Suspicious
1D3F368E,/malware/localhost_05-18_18-24-0013_1D3F368E/results/ <all files> ,50,Undetermined
AD4E7A1A,/malware/localhost_05-18_18-24-0013_AD4E7A1A/results/ <all files> ,90,Malicious
52BA874A,/malware/localhost_05-18_18-24-0014_52BA874A/results/ <all files> ,50,Undetermined
570E732D,/malware/localhost_05-18_18-24-0014_570E732D/results/ <all files> ,130,Malicious
22AB622D,/malware/localhost_05-18_18-24-0030_22AB622D/results/ <all files> ,60,Suspicious
8B03FE8C,/malware/localhost_05-18_18-24-0031_8B03FE8C/results/ <all files> ,60,Suspicious
4F192F1C,/malware/localhost_05-18_18-24-0032_4F192F1C/results/ <all files> ,60,Suspicious
210000B7,/malware/localhost_05-18_18-24-0032_210000B7/results/ <all files> ,130,Malicious
31C23B9C,/malware/localhost_05-18_18-24-0033_31C23B9C/results/ <all files> ,40,Undetermined
453DA460,/malware/localhost_05-18_18-24-0033_453DA460/results/ <all files> ,130,Malicious
6795CE56,/malware/localhost_05-18_18-24-0034_6795CE56/results/ <all files> ,60,Suspicious
9773E167,/malware/localhost_05-18_18-24-0035_9773E167/results/ <all files> ,130,Malicious
0D2E6639,/malware/localhost_05-18_18-24-0036_0D2E6639/results/ <all files> ,50,Undetermined
2D39DDF8,/malware/localhost_05-18_18-24-0036_2D39DDF8/results/ <all files> ,90,Malicious
D8DE394B,/malware/localhost_05-18_18-24-0037_D8DE394B/results/ <all files> ,60,Suspicious
90331F4B,/malware/localhost_05-18_18-24-0037_90331F4B/results/ <all files> ,80,Malicious
ED313CF5,/malware/localhost_05-18_18-24-0038_ED313CF5/results/ <all files> ,160,Malicious
7091186F,/malware/localhost_05-18_18-24-0038_7091186F/results/ <all files> ,120,Malicious
FD555F49,/malware/localhost_05-18_18-24-0039_FD555F49/results/ <all files> ,10,Undetermined
399FDBE5,/malware/localhost_05-18_18-24-0039_399FDBE5/results/ <all files> ,10,Undetermined
FA0EC42A,/malware/localhost_05-18_18-24-0040_FA0EC42A/results/ <all files> ,60,Suspicious
1D2A0FB3,/malware/localhost_05-18_18-24-0041_1D2A0FB3/results/ <all files> ,170,Malicious
30CAA5EC,/malware/localhost_05-18_18-24-0042_30CAA5EC/results/ <all files> ,170,Malicious
ED83A95B,/malware/localhost_05-18_18-24-0057_ED83A95B/results/ <all files> ,120,Malicious
EA703D21,/malware/localhost_05-18_18-24-0058_EA703D21/results/ <all files> ,60,Suspicious
4C3D7603,/malware/localhost_05-18_18-24-0058_4C3D7603/results/ <all files> ,80,Malicious
8DE4B845,/malware/localhost_05-18_18-24-0059_8DE4B845/results/ <all files> ,130,Malicious
E9880CA0,/malware/localhost_05-18_18-25-0015_E9880CA0/results/ <all files> ,120,Malicious
3B02D7FE,/malware/localhost_05-18_18-25-0030_3B02D7FE/results/ <all files> ,130,Malicious
21971E3A,/malware/localhost_05-18_18-25-0031_21971E3A/results/ <all files> ,50,Undetermined
70E33CBD,/malware/localhost_05-18_18-25-0031_70E33CBD/results/ <all files> ,80,Malicious
6A61F991,/malware/localhost_05-18_18-25-0032_6A61F991/results/ <all files> ,130,Malicious
2BE89316,/malware/localhost_05-18_18-25-0048_2BE89316/results/ <all files> ,130,Malicious
8097597D,/malware/localhost_05-18_18-25-0048_8097597D/results/ <all files> ,80,Malicious
EDA29211,/malware/localhost_05-18_18-25-0049_EDA29211/results/ <all files> ,80,Malicious
72F03E72,/malware/localhost_05-18_18-25-0049_72F03E72/results/ <all files> ,10,Undetermined
901E7DCE,/malware/localhost_05-18_18-25-0050_901E7DCE/results/ <all files> ,170,Malicious
1B54D8F0,/malware/localhost_05-18_18-26-0006_1B54D8F0/results/ <all files> ,130,Malicious
A0912093,/malware/localhost_05-18_18-26-0021_A0912093/results/ <all files> ,120,Malicious
5698AAE6,/malware/localhost_05-18_18-26-0037_5698AAE6/results/ <all files> ,90,Malicious
8CC0AFA1,/malware/localhost_05-18_18-26-0038_8CC0AFA1/results/ <all files> ,90,Malicious
95657ED7,/malware/localhost_05-18_18-26-0038_95657ED7/results/ <all files> ,50,Undetermined
5BDC3D93,/malware/localhost_05-18_18-26-0039_5BDC3D93/results/ <all files> ,50,Undetermined
248BED99,/malware/localhost_05-18_18-26-0039_248BED99/results/ <all files> ,90,Malicious
4AF27E42,/malware/localhost_05-18_18-26-0040_4AF27E42/results/ <all files> ,60,Suspicious
B53EE52F,/malware/localhost_05-18_18-26-0041_B53EE52F/results/ <all files> ,80,Malicious
25D6CAAE,/malware/localhost_05-18_18-26-0042_25D6CAAE/results/ <all files> ,130,Malicious
A1FFD5DE,/malware/localhost_05-18_18-26-0057_A1FFD5DE/results/ <all files> ,120,Malicious
64A99864,/malware/localhost_05-18_18-27-0013_64A99864/results/ <all files> ,50,Undetermined
3598C314,/malware/localhost_05-18_18-27-0013_3598C314/results/ <all files> ,40,Undetermined
75681314,/malware/localhost_05-18_18-27-0014_75681314/results/ <all files> ,60,Suspicious
9F2E287C,/malware/localhost_05-18_18-27-0015_9F2E287C/results/ <all files> ,90,Malicious
0EF0D584,/malware/localhost_05-18_18-27-0016_0EF0D584/results/ <all files> ,60,Suspicious
485ED2C6,/malware/localhost_05-18_18-27-0017_485ED2C6/results/ <all files> ,120,Malicious
E2AD51EA,/malware/localhost_05-18_18-27-0017_E2AD51EA/results/ <all files> ,90,Malicious
5B081B6C,/malware/localhost_05-18_18-27-0018_5B081B6C/results/ <all files> ,50,Undetermined
F79C5471,/malware/localhost_05-18_18-27-0018_F79C5471/results/ <all files> ,50,Undetermined
AB3E29CA,/malware/localhost_05-18_18-27-0019_AB3E29CA/results/ <all files> ,90,Malicious
01E67CF5,/malware/localhost_05-18_18-27-0019_01E67CF5/results/ <all files> ,60,Suspicious
B5F6BFB3,/malware/localhost_05-18_18-27-0020_B5F6BFB3/results/ <all files> ,130,Malicious
D74276AB,/malware/localhost_05-18_18-27-0021_D74276AB/results/ <all files> ,40,Undetermined
0764983D,/malware/localhost_05-18_18-27-0021_0764983D/results/ <all files> ,90,Malicious
2A174C11,/malware/localhost_05-18_18-27-0022_2A174C11/results/ <all files> ,80,Malicious
7B274AEF,/malware/localhost_05-18_18-27-0022_7B274AEF/results/ <all files> ,90,Malicious
82D215AA,/malware/localhost_05-18_18-27-0023_82D215AA/results/ <all files> ,60,Suspicious
BFBF1A04,/malware/localhost_05-18_18-27-0024_BFBF1A04/results/ <all files> ,40,Undetermined
51183C92,/malware/localhost_05-18_18-27-0025_51183C92/results/ <all files> ,50,Undetermined
681A758F,/malware/localhost_05-18_18-27-0025_681A758F/results/ <all files> ,0,no_matches
9BB9717E,/malware/localhost_05-18_18-27-0026_9BB9717E/results/ <all files> ,90,Malicious
64B37181,/malware/localhost_05-18_18-27-0026_64B37181/results/ <all files> ,0,no_matches
50531060,/malware/localhost_05-18_18-33-0016_50531060/results/ <all files> ,90,Malicious
77179F07,/malware/localhost_05-18_18-33-0016_77179F07/results/ <all files> ,130,Malicious
DEEDF71D,/malware/localhost_05-18_18-33-0017_DEEDF71D/results/ <all files> ,130,Malicious
2D08B652,/malware/localhost_05-18_18-33-0018_2D08B652/results/ <all files> ,40,Undetermined
044AA45C,/malware/localhost_05-18_18-33-0018_044AA45C/results/ <all files> ,160,Malicious
3C309900,/malware/localhost_05-18_18-33-0019_3C309900/results/ <all files> ,90,Malicious
1530560B,/malware/localhost_05-18_18-33-0020_1530560B/results/ <all files> ,90,Malicious
980320F3,/malware/localhost_05-18_18-33-0020_980320F3/results/ <all files> ,50,Undetermined
C67F20D7,/malware/localhost_05-18_18-33-0021_C67F20D7/results/ <all files> ,0,no_matches
9D6526EE,/malware/localhost_05-18_18-33-0021_9D6526EE/results/ <all files> ,130,Malicious
FAAB5D98,/malware/localhost_05-18_18-33-0037_FAAB5D98/results/ <all files> ,90,Malicious
807821F2,/malware/localhost_05-18_18-33-0037_807821F2/results/ <all files> ,50,Undetermined
AA60A68E,/malware/localhost_05-18_18-33-0038_AA60A68E/results/ <all files> ,130,Malicious
914018DA,/malware/localhost_05-18_18-33-0039_914018DA/results/ <all files> ,60,Suspicious
D0E31BC7,/malware/localhost_05-18_18-33-0040_D0E31BC7/results/ <all files> ,50,Undetermined
495D1D7C,/malware/localhost_05-18_18-33-0040_495D1D7C/results/ <all files> ,80,Malicious
1B2A5326,/malware/localhost_05-18_18-33-0041_1B2A5326/results/ <all files> ,120,Malicious
8498AD59,/malware/localhost_05-18_18-33-0056_8498AD59/results/ <all files> ,80,Malicious
886A5DE6,/malware/localhost_05-18_18-33-0057_886A5DE6/results/ <all files> ,80,Malicious
2934BFA6,/malware/localhost_05-18_18-33-0058_2934BFA6/results/ <all files> ,10,Undetermined
A00FB699,/malware/localhost_05-18_18-33-0058_A00FB699/results/ <all files> ,80,Malicious
9ACCCC73,/malware/localhost_05-18_18-33-0059_9ACCCC73/results/ <all files> ,80,Malicious
345060CD,/malware/localhost_05-18_18-34-0000_345060CD/results/ <all files> ,80,Malicious
BEF3FB5E,/malware/localhost_05-18_18-34-0000_BEF3FB5E/results/ <all files> ,50,Undetermined
8DF93449,/malware/localhost_05-18_18-34-0001_8DF93449/results/ <all files> ,130,Malicious
C077242E,/malware/localhost_05-18_18-34-0017_C077242E/results/ <all files> ,50,Undetermined
E61C1267,/malware/localhost_05-18_18-34-0017_E61C1267/results/ <all files> ,80,Malicious
7ABA3857,/malware/localhost_05-18_18-34-0018_7ABA3857/results/ <all files> ,130,Malicious
7CD87946,/malware/localhost_05-18_18-34-0018_7CD87946/results/ <all files> ,90,Malicious
311BC1E2,/malware/localhost_05-18_18-34-0019_311BC1E2/results/ <all files> ,130,Malicious
F77E10E1,/malware/localhost_05-18_18-34-0034_F77E10E1/results/ <all files> ,130,Malicious
434C3C1D,/malware/localhost_05-18_18-34-0035_434C3C1D/results/ <all files> ,60,Suspicious
1E368AE7,/malware/localhost_05-18_18-34-0036_1E368AE7/results/ <all files> ,80,Malicious
A303CEE1,/malware/localhost_05-18_18-34-0036_A303CEE1/results/ <all files> ,50,Undetermined
E6B4374D,/malware/localhost_05-18_18-34-0037_E6B4374D/results/ <all files> ,90,Malicious
437F15E8,/malware/localhost_05-18_18-34-0038_437F15E8/results/ <all files> ,10,Undetermined
5D9FB86F,/malware/localhost_05-18_18-34-0038_5D9FB86F/results/ <all files> ,60,Suspicious
E21397B8,/malware/localhost_05-18_18-34-0039_E21397B8/results/ <all files> ,120,Malicious
68814416,/malware/localhost_05-18_18-34-0039_68814416/results/ <all files> ,40,Undetermined
085DA068,/malware/localhost_05-18_18-34-0040_085DA068/results/ <all files> ,0,no_matches
BF45D515,/malware/localhost_05-18_18-34-0041_BF45D515/results/ <all files> ,0,no_matches
E8CE1525,/malware/localhost_05-18_18-34-0041_E8CE1525/results/ <all files> ,130,Malicious
51ED4F1B,/malware/localhost_05-18_18-34-0042_51ED4F1B/results/ <all files> ,90,Malicious
1C7616AE,/malware/localhost_05-18_18-34-0043_1C7616AE/results/ <all files> ,90,Malicious
E25F5EF9,/malware/localhost_05-18_18-34-0043_E25F5EF9/results/ <all files> ,130,Malicious
EEF7955E,/malware/localhost_05-18_18-34-0044_EEF7955E/results/ <all files> ,130,Malicious
129820DD,/malware/localhost_05-18_18-34-0044_129820DD/results/ <all files> ,130,Malicious
FB61BBB6,/malware/localhost_05-18_18-35-0000_FB61BBB6/results/ <all files> ,60,Suspicious
34D0F5A1,/malware/localhost_05-18_18-35-0001_34D0F5A1/results/ <all files> ,10,Undetermined
2B578390,/malware/localhost_05-18_18-35-0001_2B578390/results/ <all files> ,80,Malicious
A1E24B6B,/malware/localhost_05-18_18-35-0002_A1E24B6B/results/ <all files> ,80,Malicious
15C08DC1,/malware/localhost_05-18_18-35-0002_15C08DC1/results/ <all files> ,60,Suspicious
20607010,/malware/localhost_05-18_18-35-0003_20607010/results/ <all files> ,130,Malicious
2AFC9647,/malware/localhost_05-18_18-35-0019_2AFC9647/results/ <all files> ,60,Suspicious
0DD06041,/malware/localhost_05-18_18-35-0020_0DD06041/results/ <all files> ,40,Undetermined
74B25972,/malware/localhost_05-18_18-35-0020_74B25972/results/ <all files> ,120,Malicious
967717C7,/malware/localhost_05-18_18-35-0036_967717C7/results/ <all files> ,130,Malicious
D82A4C8D,/malware/localhost_05-18_18-35-0051_D82A4C8D/results/ <all files> ,90,Malicious
46F3A838,/malware/localhost_05-18_18-35-0052_46F3A838/results/ <all files> ,90,Malicious
4B82825B,/malware/localhost_05-18_18-35-0052_4B82825B/results/ <all files> ,170,Malicious
412C086D,/malware/localhost_05-18_18-35-0053_412C086D/results/ <all files> ,0,no_matches
2A4117FA,/malware/localhost_05-18_18-35-0054_2A4117FA/results/ <all files> ,60,Suspicious
FD546F71,/malware/localhost_05-18_18-35-0054_FD546F71/results/ <all files> ,130,Malicious
FA6A2A32,/malware/localhost_05-18_18-35-0055_FA6A2A32/results/ <all files> ,60,Suspicious
321843F3,/malware/localhost_05-18_18-35-0055_321843F3/results/ <all files> ,130,Malicious
5B0D6B59,/malware/localhost_05-18_18-35-0056_5B0D6B59/results/ <all files> ,50,Undetermined
22359A37,/malware/localhost_05-18_18-35-0057_22359A37/results/ <all files> ,60,Suspicious
324DC584,/malware/localhost_05-18_18-35-0057_324DC584/results/ <all files> ,130,Malicious
DA53526F,/malware/localhost_05-18_18-36-0013_DA53526F/results/ <all files> ,130,Malicious
2E9F5813,/malware/localhost_05-18_18-36-0014_2E9F5813/results/ <all files> ,120,Malicious
8B8F77F4,/malware/localhost_05-18_18-36-0014_8B8F77F4/results/ <all files> ,130,Malicious
2CB83BC8,/malware/localhost_05-18_18-36-0015_2CB83BC8/results/ <all files> ,80,Malicious
6904651E,/malware/localhost_05-18_18-36-0016_6904651E/results/ <all files> ,130,Malicious
553960B6,/malware/localhost_05-18_18-36-0017_553960B6/results/ <all files> ,60,Suspicious
1076A711,/malware/localhost_05-18_18-36-0018_1076A711/results/ <all files> ,60,Suspicious
B93EE48E,/malware/localhost_05-18_18-36-0018_B93EE48E/results/ <all files> ,130,Malicious
9246D51D,/malware/localhost_05-18_18-36-0019_9246D51D/results/ <all files> ,120,Malicious
482440C4,/malware/localhost_05-18_18-36-0020_482440C4/results/ <all files> ,50,Undetermined
4F049B26,/malware/localhost_05-18_18-36-0020_4F049B26/results/ <all files> ,80,Malicious
A1C68113,/malware/localhost_05-18_18-36-0021_A1C68113/results/ <all files> ,80,Malicious
0305192E,/malware/localhost_05-18_18-36-0021_0305192E/results/ <all files> ,50,Undetermined
E7EC6F9A,/malware/localhost_05-18_18-36-0022_E7EC6F9A/results/ <all files> ,90,Malicious
6E5EE222,/malware/localhost_05-18_18-36-0022_6E5EE222/results/ <all files> ,60,Suspicious
8DDDE213,/malware/localhost_05-18_18-36-0023_8DDDE213/results/ <all files> ,80,Malicious
11A95ED7,/malware/localhost_05-18_18-36-0023_11A95ED7/results/ <all files> ,60,Suspicious
8805AB93,/malware/localhost_05-18_18-36-0024_8805AB93/results/ <all files> ,80,Malicious
ED6EA97D,/malware/localhost_05-18_18-36-0025_ED6EA97D/results/ <all files> ,60,Suspicious
478CC6C8,/malware/localhost_05-18_18-36-0026_478CC6C8/results/ <all files> ,130,Malicious
DC554297,/malware/localhost_05-18_18-36-0026_DC554297/results/ <all files> ,90,Malicious
E49A8A53,/malware/localhost_05-18_18-36-0027_E49A8A53/results/ <all files> ,50,Undetermined
86D95D64,/malware/localhost_05-18_18-36-0027_86D95D64/results/ <all files> ,60,Suspicious
6C33CF87,/malware/localhost_05-18_18-36-0028_6C33CF87/results/ <all files> ,0,no_matches
6FD30F3E,/malware/localhost_05-18_18-36-0029_6FD30F3E/results/ <all files> ,130,Malicious
78070F5C,/malware/localhost_05-18_18-36-0030_78070F5C/results/ <all files> ,50,Undetermined
3C08826E,/malware/localhost_05-18_18-36-0030_3C08826E/results/ <all files> ,0,no_matches
3A2098B7,/malware/localhost_05-18_18-36-0031_3A2098B7/results/ <all files> ,130,Malicious
ECF8A30B,/malware/localhost_05-18_18-36-0031_ECF8A30B/results/ <all files> ,120,Malicious
F2C8A6ED,/malware/localhost_05-18_18-36-0047_F2C8A6ED/results/ <all files> ,160,Malicious
2ADA534E,/malware/localhost_05-18_18-36-0047_2ADA534E/results/ <all files> ,0,no_matches
DF21A9A6,/malware/localhost_05-18_18-36-0048_DF21A9A6/results/ <all files> ,60,Suspicious
DB67693B,/malware/localhost_05-18_18-36-0049_DB67693B/results/ <all files> ,60,Suspicious
4A38FC33,/malware/localhost_05-18_18-36-0050_4A38FC33/results/ <all files> ,130,Malicious
FCC5193E,/malware/localhost_05-18_18-36-0051_FCC5193E/results/ <all files> ,40,Undetermined
ADA7A58E,/malware/localhost_05-18_18-36-0051_ADA7A58E/results/ <all files> ,130,Malicious
B4BC614C,/malware/localhost_05-18_18-36-0052_B4BC614C/results/ <all files> ,90,Malicious
61D6752B,/malware/localhost_05-18_18-36-0053_61D6752B/results/ <all files> ,130,Malicious
A9D7FFBA,/malware/localhost_05-18_18-36-0054_A9D7FFBA/results/ <all files> ,60,Suspicious
1984CF30,/malware/localhost_05-18_18-36-0054_1984CF30/results/ <all files> ,130,Malicious
42B34E37,/malware/localhost_05-18_18-36-0055_42B34E37/results/ <all files> ,60,Suspicious
C64F7180,/malware/localhost_05-18_18-36-0056_C64F7180/results/ <all files> ,80,Malicious
C6758AE0,/malware/localhost_05-18_18-36-0057_C6758AE0/results/ <all files> ,50,Undetermined
1AC70533,/malware/localhost_05-18_18-36-0058_1AC70533/results/ <all files> ,60,Suspicious
F99E2B74,/malware/localhost_05-18_18-36-0059_F99E2B74/results/ <all files> ,80,Malicious
6AC421EF,/malware/localhost_05-18_18-37-0000_6AC421EF/results/ <all files> ,60,Suspicious
1ABE6248,/malware/localhost_05-18_18-37-0001_1ABE6248/results/ <all files> ,60,Suspicious
CDA2E759,/malware/localhost_05-18_18-37-0002_CDA2E759/results/ <all files> ,120,Malicious
FCBC997D,/malware/localhost_05-18_18-37-0003_FCBC997D/results/ <all files> ,90,Malicious
938A2A17,/malware/localhost_05-18_18-37-0004_938A2A17/results/ <all files> ,50,Undetermined
DC64865A,/malware/localhost_05-18_18-37-0004_DC64865A/results/ <all files> ,120,Malicious
239F13E0,/malware/localhost_05-18_18-37-0005_239F13E0/results/ <all files> ,130,Malicious
C97C5982,/malware/localhost_05-18_18-37-0021_C97C5982/results/ <all files> ,50,Undetermined
30099740,/malware/localhost_05-18_18-37-0022_30099740/results/ <all files> ,120,Malicious
F0ADABEB,/malware/localhost_05-18_18-37-0022_F0ADABEB/results/ <all files> ,90,Malicious
53AE05A4,/malware/localhost_05-18_18-37-0023_53AE05A4/results/ <all files> ,0,no_matches
BD0DE12F,/malware/localhost_05-18_18-37-0024_BD0DE12F/results/ <all files> ,60,Suspicious
6A1A86EF,/malware/localhost_05-18_18-37-0025_6A1A86EF/results/ <all files> ,80,Malicious
1D702DFB,/malware/localhost_05-18_18-37-0026_1D702DFB/results/ <all files> ,50,Undetermined
51BFAAF3,/malware/localhost_05-18_18-37-0027_51BFAAF3/results/ <all files> ,50,Undetermined
F5C664AC,/malware/localhost_05-18_18-37-0029_F5C664AC/results/ <all files> ,80,Malicious
26C13894,/malware/localhost_05-18_18-37-0030_26C13894/results/ <all files> ,200,Malicious
4F266151,/malware/localhost_05-18_18-37-0032_4F266151/results/ <all files> ,0,no_matches
041F2080,/malware/localhost_05-18_18-37-0033_041F2080/results/ <all files> ,0,no_matches
F548B5D3,/malware/localhost_05-18_18-38-0007_F548B5D3/results/ <all files> ,90,Malicious
4EC9DCF3,/malware/localhost_05-18_18-38-0007_4EC9DCF3/results/ <all files> ,130,Malicious
66A60A6A,/malware/localhost_05-18_18-38-0008_66A60A6A/results/ <all files> ,0,no_matches
8C3E02BD,/malware/localhost_05-18_18-38-0008_8C3E02BD/results/ <all files> ,40,Undetermined
EE6A8815,/malware/localhost_05-18_18-38-0009_EE6A8815/results/ <all files> ,40,Undetermined
B53BF833,/malware/localhost_05-18_18-38-0024_B53BF833/results/ <all files> ,60,Suspicious
66C39528,/malware/localhost_05-18_18-38-0025_66C39528/results/ <all files> ,80,Malicious
59BCF2BE,/malware/localhost_05-18_18-38-0026_59BCF2BE/results/ <all files> ,50,Undetermined
590C8AF0,/malware/localhost_05-18_18-38-0026_590C8AF0/results/ <all files> ,120,Malicious
F8B159EE,/malware/localhost_05-18_18-38-0028_F8B159EE/results/ <all files> ,80,Malicious
287FA732,/malware/localhost_05-18_18-38-0028_287FA732/results/ <all files> ,90,Malicious
79707A26,/malware/localhost_05-18_18-38-0029_79707A26/results/ <all files> ,80,Malicious
1A1C00DC,/malware/localhost_05-18_18-38-0029_1A1C00DC/results/ <all files> ,80,Malicious
6F64CA01,/malware/localhost_05-18_18-38-0030_6F64CA01/results/ <all files> ,100,Malicious
3F839371,/malware/localhost_05-18_18-38-0031_3F839371/results/ <all files> ,130,Malicious
A4E50E7D,/malware/localhost_05-18_18-38-0031_A4E50E7D/results/ <all files> ,130,Malicious
D8A4B7FD,/malware/localhost_05-18_18-38-0032_D8A4B7FD/results/ <all files> ,90,Malicious
4EEA0FD2,/malware/localhost_05-18_18-38-0033_4EEA0FD2/results/ <all files> ,130,Malicious
427EC3CD,/malware/localhost_05-18_18-38-0048_427EC3CD/results/ <all files> ,60,Suspicious
838741B1,/malware/localhost_05-18_18-38-0049_838741B1/results/ <all files> ,80,Malicious
0761A0C0,/malware/localhost_05-18_18-38-0050_0761A0C0/results/ <all files> ,10,Undetermined
988FD47E,/malware/localhost_05-18_18-38-0050_988FD47E/results/ <all files> ,130,Malicious
1AD135D8,/malware/localhost_05-18_18-38-0051_1AD135D8/results/ <all files> ,130,Malicious
75AC07CB,/malware/localhost_05-18_18-38-0051_75AC07CB/results/ <all files> ,50,Undetermined
3DA2136E,/malware/localhost_05-18_18-38-0052_3DA2136E/results/ <all files> ,120,Malicious
C79E5041,/malware/localhost_05-18_18-38-0053_C79E5041/results/ <all files> ,130,Malicious
551F0B92,/malware/localhost_05-18_18-38-0053_551F0B92/results/ <all files> ,130,Malicious
58CAD168,/malware/localhost_05-18_18-38-0054_58CAD168/results/ <all files> ,50,Undetermined
AAE1231F,/malware/localhost_05-18_18-38-0055_AAE1231F/results/ <all files> ,90,Malicious
7133BFEE,/malware/localhost_05-18_18-38-0055_7133BFEE/results/ <all files> ,80,Malicious
0C809F05,/malware/localhost_05-18_18-38-0056_0C809F05/results/ <all files> ,90,Malicious
C01F1206,/malware/localhost_05-18_18-38-0056_C01F1206/results/ <all files> ,160,Malicious
EF48EBB9,/malware/localhost_05-18_18-38-0057_EF48EBB9/results/ <all files> ,50,Undetermined
349E581F,/malware/localhost_05-18_18-38-0058_349E581F/results/ <all files> ,120,Malicious
31AE8E4B,/malware/localhost_05-18_18-39-0013_31AE8E4B/results/ <all files> ,50,Undetermined
ECB10341,/malware/localhost_05-18_18-39-0014_ECB10341/results/ <all files> ,90,Malicious
6B02CE17,/malware/localhost_05-18_18-39-0014_6B02CE17/results/ <all files> ,90,Malicious
059012BA,/malware/localhost_05-18_18-39-0015_059012BA/results/ <all files> ,170,Malicious
526025F8,/malware/localhost_05-18_18-39-0016_526025F8/results/ <all files> ,130,Malicious
F23BB7F9,/malware/localhost_05-18_18-39-0016_F23BB7F9/results/ <all files> ,60,Suspicious
406F17CF,/malware/localhost_05-18_18-39-0017_406F17CF/results/ <all files> ,50,Undetermined
AFAC1B00,/malware/localhost_05-18_18-39-0017_AFAC1B00/results/ <all files> ,80,Malicious
4FD7D696,/malware/localhost_05-18_18-39-0018_4FD7D696/results/ <all files> ,0,no_matches
F950C1F3,/malware/localhost_05-18_18-39-0018_F950C1F3/results/ <all files> ,50,Undetermined
63DA8032,/malware/localhost_05-18_18-39-0019_63DA8032/results/ <all files> ,0,no_matches
E9302C66,/malware/localhost_05-18_18-39-0019_E9302C66/results/ <all files> ,130,Malicious
AE2B6E2F,/malware/localhost_05-18_18-39-0020_AE2B6E2F/results/ <all files> ,60,Suspicious
C3DAC93F,/malware/localhost_05-18_18-39-0021_C3DAC93F/results/ <all files> ,40,Undetermined
67725A63,/malware/localhost_05-18_18-39-0021_67725A63/results/ <all files> ,170,Malicious
A93F776E,/malware/localhost_05-18_18-39-0037_A93F776E/results/ <all files> ,40,Undetermined
34BC4483,/malware/localhost_05-18_18-39-0037_34BC4483/results/ <all files> ,90,Malicious
50ACD615,/malware/localhost_05-18_18-39-0038_50ACD615/results/ <all files> ,90,Malicious
94E0FD6E,/malware/localhost_05-18_18-39-0038_94E0FD6E/results/ <all files> ,130,Malicious
9D45F76B,/malware/localhost_05-18_18-39-0054_9D45F76B/results/ <all files> ,130,Malicious
D8017D55,/malware/localhost_05-18_18-39-0055_D8017D55/results/ <all files> ,90,Malicious
98B19723,/malware/localhost_05-18_18-39-0055_98B19723/results/ <all files> ,130,Malicious
50BFA782,/malware/localhost_05-18_18-39-0056_50BFA782/results/ <all files> ,130,Malicious
AA8D0B72,/malware/localhost_05-18_18-40-0011_AA8D0B72/results/ <all files> ,90,Malicious
1A0D70AF,/malware/localhost_05-18_18-40-0012_1A0D70AF/results/ <all files> ,50,Undetermined
5843BF0A,/malware/localhost_05-18_18-40-0012_5843BF0A/results/ <all files> ,130,Malicious
EB6F4029,/malware/localhost_05-18_18-40-0013_EB6F4029/results/ <all files> ,50,Undetermined
517C1E58,/malware/localhost_05-18_18-40-0014_517C1E58/results/ <all files> ,50,Undetermined
881C568A,/malware/localhost_05-18_18-40-0014_881C568A/results/ <all files> ,170,Malicious
4ADFC875,/malware/localhost_05-18_18-40-0030_4ADFC875/results/ <all files> ,160,Malicious
F788E0BF,/malware/localhost_05-18_18-40-0030_F788E0BF/results/ <all files> ,60,Suspicious
33AC7571,/malware/localhost_05-18_18-40-0031_33AC7571/results/ <all files> ,90,Malicious
1626B064,/malware/localhost_05-18_18-40-0032_1626B064/results/ <all files> ,60,Suspicious
E0C5A35E,/malware/localhost_05-18_18-40-0033_E0C5A35E/results/ <all files> ,120,Malicious
0B009DB3,/malware/localhost_05-18_18-40-0048_0B009DB3/results/ <all files> ,130,Malicious
9C33FD70,/malware/localhost_05-18_18-40-0049_9C33FD70/results/ <all files> ,50,Undetermined
AC500409,/malware/localhost_05-18_18-40-0050_AC500409/results/ <all files> ,60,Suspicious
D763D030,/malware/localhost_05-18_18-40-0050_D763D030/results/ <all files> ,130,Malicious
6A87AB83,/malware/localhost_05-18_18-41-0006_6A87AB83/results/ <all files> ,50,Undetermined
E9DC99E9,/malware/localhost_05-18_18-41-0006_E9DC99E9/results/ <all files> ,90,Malicious
BE49F5A4,/malware/localhost_05-18_18-41-0007_BE49F5A4/results/ <all files> ,130,Malicious
2D80E644,/malware/localhost_05-18_18-41-0008_2D80E644/results/ <all files> ,0,no_matches
96A926F1,/malware/localhost_05-18_18-41-0008_96A926F1/results/ <all files> ,90,Malicious
C9B31EDC,/malware/localhost_05-18_18-41-0009_C9B31EDC/results/ <all files> ,60,Suspicious
5C700026,/malware/localhost_05-18_18-41-0009_5C700026/results/ <all files> ,170,Malicious
AE0557CC,/malware/localhost_05-18_18-41-0025_AE0557CC/results/ <all files> ,80,Malicious
8883894F,/malware/localhost_05-18_18-41-0025_8883894F/results/ <all files> ,90,Malicious
2788C735,/malware/localhost_05-18_18-41-0026_2788C735/results/ <all files> ,60,Suspicious
1911D519,/malware/localhost_05-18_18-41-0027_1911D519/results/ <all files> ,40,Undetermined
F179CF66,/malware/localhost_05-18_18-41-0042_F179CF66/results/ <all files> ,90,Malicious
33083619,/malware/localhost_05-18_18-41-0043_33083619/results/ <all files> ,130,Malicious
75A46C61,/malware/localhost_05-18_18-41-0044_75A46C61/results/ <all files> ,50,Undetermined
A5F4005F,/malware/localhost_05-18_18-41-0044_A5F4005F/results/ <all files> ,50,Undetermined
B80AA699,/malware/localhost_05-18_18-41-0045_B80AA699/results/ <all files> ,90,Malicious
8E68C829,/malware/localhost_05-18_18-41-0045_8E68C829/results/ <all files> ,130,Malicious
324E97B6,/malware/localhost_05-18_18-41-0046_324E97B6/results/ <all files> ,50,Undetermined
135A428E,/malware/localhost_05-18_18-41-0046_135A428E/results/ <all files> ,170,Malicious
3EB85F8D,/malware/localhost_05-18_18-42-0002_3EB85F8D/results/ <all files> ,60,Suspicious
2981499B,/malware/localhost_05-18_18-42-0003_2981499B/results/ <all files> ,10,Undetermined
C8ECA974,/malware/localhost_05-18_18-42-0003_C8ECA974/results/ <all files> ,60,Suspicious
1050AE18,/malware/localhost_05-18_18-42-0004_1050AE18/results/ <all files> ,0,no_matches
7C966F0B,/malware/localhost_05-18_18-42-0005_7C966F0B/results/ <all files> ,50,Undetermined
40A87375,/malware/localhost_05-18_18-42-0005_40A87375/results/ <all files> ,130,Malicious
79154849,/malware/localhost_05-18_18-42-0021_79154849/results/ <all files> ,90,Malicious
2AF7E245,/malware/localhost_05-18_18-42-0022_2AF7E245/results/ <all files> ,50,Undetermined
A9012821,/malware/localhost_05-18_18-42-0023_A9012821/results/ <all files> ,40,Undetermined
8346BE7A,/malware/localhost_05-18_18-42-0023_8346BE7A/results/ <all files> ,170,Malicious
A17F353B,/malware/localhost_05-18_18-42-0039_A17F353B/results/ <all files> ,80,Malicious
87E4126C,/malware/localhost_05-18_18-42-0040_87E4126C/results/ <all files> ,0,no_matches
A6FDBFAE,/malware/localhost_05-18_18-42-0040_A6FDBFAE/results/ <all files> ,60,Suspicious
2EB5483A,/malware/localhost_05-18_18-42-0041_2EB5483A/results/ <all files> ,60,Suspicious
C055CF97,/malware/localhost_05-18_18-42-0042_C055CF97/results/ <all files> ,80,Malicious
5435D525,/malware/localhost_05-18_18-42-0043_5435D525/results/ <all files> ,90,Malicious
CB7395D3,/malware/localhost_05-18_18-42-0043_CB7395D3/results/ <all files> ,90,Malicious
E025D7EA,/malware/localhost_05-18_18-42-0044_E025D7EA/results/ <all files> ,60,Suspicious
EF64C859,/malware/localhost_05-18_18-42-0045_EF64C859/results/ <all files> ,80,Malicious
8E9C6E43,/malware/localhost_05-18_18-42-0045_8E9C6E43/results/ <all files> ,80,Malicious
80C851D1,/malware/localhost_05-18_18-42-0046_80C851D1/results/ <all files> ,40,Undetermined
5CAE0EF2,/malware/localhost_05-18_18-42-0046_5CAE0EF2/results/ <all files> ,90,Malicious
48873702,/malware/localhost_05-18_18-42-0047_48873702/results/ <all files> ,40,Undetermined
078598A9,/malware/localhost_05-18_18-42-0047_078598A9/results/ <all files> ,60,Suspicious
5FBA2A3F,/malware/localhost_05-18_18-42-0048_5FBA2A3F/results/ <all files> ,120,Malicious
AB74563F,/malware/localhost_05-18_18-42-0049_AB74563F/results/ <all files> ,130,Malicious
047DB1DA,/malware/localhost_05-18_18-42-0049_047DB1DA/results/ <all files> ,60,Suspicious
1D0BDA91,/malware/localhost_05-18_18-42-0050_1D0BDA91/results/ <all files> ,160,Malicious
4EB8AAAA,/malware/localhost_05-18_18-42-0051_4EB8AAAA/results/ <all files> ,80,Malicious
6CF36380,/malware/localhost_05-18_18-42-0051_6CF36380/results/ <all files> ,0,no_matches
